{
  "IcoMoonType": "selection",
  "icons": [
    {
      "icon": {
        "paths": [
          "M512 0c-282.837 0-512 229.248-512 512 0 282.837 229.163 512 512 512 282.709 0 512-229.163 512-512 0-282.752-229.291-512-512-512zM818.219 299.861l0.725 0.128-285.739 285.781c-9.557 9.515-26.325 9.515-35.883-0.085l-285.867-285.824h606.763zM191.531 319.019c0-0.213 0.128-0.341 0.128-0.341l194.177 194.091-194.305 194.304v-388.053zM210.646 729.515c-0.853 0-1.665-0.427-2.518-0.555l196.951-196.907 72.916 72.917c9.856 9.941 23.168 15.36 37.291 15.36 13.995 0 27.307-5.419 37.163-15.36l70.528-70.571 195.072 195.115h-607.402zM837.376 710.229l-195.072-195.072 195.072-195.072v390.144z"
        ],
        "attrs": [
          {
            "fill": "rgb(255, 255, 255)",
            "opacity": 0.8
          }
        ],
        "isMulticolor": false,
        "isMulticolor2": false,
        "grid": 0,
        "tags": [
          "Group"
        ],
        "colorPermutations": {
          "1122074112552552551631692451972171": [
            {
              "f": 3
            }
          ]
        }
      },
      "attrs": [
        {
          "fill": "rgb(255, 255, 255)",
          "opacity": 0.8
        }
      ],
      "properties": {
        "order": 45,
        "id": 12,
        "name": "Group1",
        "prevSize": 32
      },
      "setIdx": 0,
      "setId": 5,
      "iconIdx": 0
    },
    {
      "icon": {
        "paths": [
          "M511.995 0.005v948.547",
          "M161.679 625.179l350.345 344.926 350.286-344.926"
        ],
        "attrs": [
          {
            "fill": "none",
            "stroke": "rgb(255, 255, 255)",
            "strokeLinejoin": "miter",
            "strokeLinecap": "butt",
            "strokeMiterlimit": "10",
            "strokeWidth": 53.89473684210526
          },
          {
            "fill": "none",
            "stroke": "rgb(255, 255, 255)",
            "strokeLinejoin": "miter",
            "strokeLinecap": "butt",
            "strokeMiterlimit": "10",
            "strokeWidth": 53.89473684210526
          }
        ],
        "isMulticolor": false,
        "isMulticolor2": false,
        "grid": 0,
        "tags": [
          "Group10str"
        ],
        "colorPermutations": {
          "1122074112552552551631692451972171": [
            {
              "s": 3
            },
            {
              "s": 3
            }
          ]
        }
      },
      "attrs": [
        {
          "fill": "none",
          "stroke": "rgb(255, 255, 255)",
          "strokeLinejoin": "miter",
          "strokeLinecap": "butt",
          "strokeMiterlimit": "10",
          "strokeWidth": 53.89473684210526
        },
        {
          "fill": "none",
          "stroke": "rgb(255, 255, 255)",
          "strokeLinejoin": "miter",
          "strokeLinecap": "butt",
          "strokeMiterlimit": "10",
          "strokeWidth": 53.89473684210526
        }
      ],
      "properties": {
        "order": 46,
        "id": 11,
        "name": "Group2",
        "prevSize": 32
      },
      "setIdx": 0,
      "setId": 5,
      "iconIdx": 1
    },
    {
      "icon": {
        "paths": [
          "M837.775 132.739c-87.516-75.24-201.287-120.832-325.775-120.832-276.194 0-500.093 223.899-500.093 500.093 0 124.487 45.58 238.247 120.832 325.775",
          "M183.046 888.511c87.945 76.883 202.954 123.583 328.954 123.583 276.194 0 500.093-223.899 500.093-500.093 0-125.988-46.699-241.009-123.583-328.942",
          "M618.496 478.245c58.487 0 106.055-47.58 106.055-106.055s-47.58-106.067-106.055-106.067c-58.499 0-106.079 47.58-106.079 106.067s47.592 106.055 106.079 106.055zM618.496 289.936c45.354 0 82.241 36.9 82.241 82.253s-36.9 82.241-82.241 82.241c-45.366 0-82.265-36.9-82.265-82.241 0-45.354 36.912-82.253 82.265-82.253z",
          "M619.175 521.122c-100.031 0-178.617 81.372-178.617 181.391v11.907h357.209v-11.907c0-100.019-78.574-181.391-178.593-181.391zM461.36 690.606c6.108-81.36 74.252-145.67 157.148-145.67 82.873 0 151.028 64.321 157.124 145.67h-314.273z",
          "M360.817 525.135c47.783 0 86.659-38.876 86.659-86.671 0-47.783-38.876-86.659-86.659-86.659-47.795 0-86.683 38.876-86.683 86.659-0.012 47.795 38.888 86.671 86.683 86.671zM360.817 375.619c34.661 0 62.845 28.196 62.845 62.845 0 34.661-28.196 62.857-62.845 62.857-34.673 0-62.869-28.196-62.869-62.857-0.012-34.649 28.196-62.845 62.869-62.845z",
          "M214.326 702.513v11.907h178.605v-23.814h-154.267c5.68-64.202 56.975-112.902 121.427-112.902 24.35 0 44.473 4.894 61.523 14.943l12.109-20.516c-20.813-12.276-44.901-18.241-73.621-18.241-81.753 0-145.777 65.286-145.777 148.623z"
        ],
        "attrs": [
          {
            "fill": "none",
            "stroke": "rgb(112, 207, 41)",
            "strokeLinejoin": "miter",
            "strokeLinecap": "butt",
            "strokeMiterlimit": "10",
            "strokeWidth": 11.906976744186046
          },
          {
            "fill": "none",
            "stroke": "rgb(63, 169, 245)",
            "strokeLinejoin": "miter",
            "strokeLinecap": "butt",
            "strokeMiterlimit": "10",
            "strokeWidth": 11.906976744186046
          },
          {
            "fill": "rgb(63, 169, 245)"
          },
          {
            "fill": "rgb(63, 169, 245)"
          },
          {
            "fill": "rgb(63, 169, 245)"
          },
          {
            "fill": "rgb(63, 169, 245)"
          }
        ],
        "isMulticolor": false,
        "isMulticolor2": true,
        "grid": 0,
        "tags": [
          "Group37"
        ],
        "colorPermutations": {
          "1122074112552552551631692451972171": [
            {
              "s": 1
            },
            {
              "s": 2
            },
            {
              "f": 2
            },
            {
              "f": 2
            },
            {
              "f": 2
            },
            {
              "f": 2
            }
          ]
        }
      },
      "attrs": [
        {
          "fill": "none",
          "stroke": "rgb(112, 207, 41)",
          "strokeLinejoin": "miter",
          "strokeLinecap": "butt",
          "strokeMiterlimit": "10",
          "strokeWidth": 11.906976744186046
        },
        {
          "fill": "none",
          "stroke": "rgb(63, 169, 245)",
          "strokeLinejoin": "miter",
          "strokeLinecap": "butt",
          "strokeMiterlimit": "10",
          "strokeWidth": 11.906976744186046
        },
        {
          "fill": "rgb(63, 169, 245)"
        },
        {
          "fill": "rgb(63, 169, 245)"
        },
        {
          "fill": "rgb(63, 169, 245)"
        },
        {
          "fill": "rgb(63, 169, 245)"
        }
      ],
      "properties": {
        "order": 47,
        "id": 10,
        "name": "Group3",
        "prevSize": 32
      },
      "setIdx": 0,
      "setId": 5,
      "iconIdx": 2
    },
    {
      "icon": {
        "paths": [
          "M837.775 132.739c-87.516-75.24-201.287-120.832-325.775-120.832-276.194 0-500.093 223.899-500.093 500.093 0 124.487 45.58 238.247 120.832 325.775",
          "M183.046 888.511c87.945 76.883 202.956 123.583 328.955 123.583 276.194 0 500.093-223.899 500.093-500.093 0-125.988-46.699-241.009-123.583-328.942",
          "M523.909 452.465h142.646l104.341-92.577-104.591-86.028h-142.396v-35.721h-23.814v35.721h-202.419v178.605h202.419v59.535h-120.737l-104.353 92.339 104.591 86.266h120.499v83.349h-119.070v23.814h273.86v-23.814h-130.977v-83.349h214.326v-178.605h-214.326v-59.535zM321.491 297.674h336.277l76.479 62.893-76.729 68.084h-336.027v-130.977zM714.421 535.814v130.977h-326.263l-76.49-63.095 76.717-67.882h326.037z"
        ],
        "attrs": [
          {
            "fill": "none",
            "stroke": "rgb(112, 207, 41)",
            "strokeLinejoin": "miter",
            "strokeLinecap": "butt",
            "strokeMiterlimit": "10",
            "strokeWidth": 11.906976744186046
          },
          {
            "fill": "none",
            "stroke": "rgb(63, 169, 245)",
            "strokeLinejoin": "miter",
            "strokeLinecap": "butt",
            "strokeMiterlimit": "10",
            "strokeWidth": 11.906976744186046
          },
          {
            "fill": "rgb(63, 169, 245)"
          }
        ],
        "isMulticolor": false,
        "isMulticolor2": true,
        "grid": 0,
        "tags": [
          "Group38"
        ],
        "colorPermutations": {
          "1122074112552552551631692451972171": [
            {
              "s": 1
            },
            {
              "s": 2
            },
            {
              "f": 2
            }
          ]
        }
      },
      "attrs": [
        {
          "fill": "none",
          "stroke": "rgb(112, 207, 41)",
          "strokeLinejoin": "miter",
          "strokeLinecap": "butt",
          "strokeMiterlimit": "10",
          "strokeWidth": 11.906976744186046
        },
        {
          "fill": "none",
          "stroke": "rgb(63, 169, 245)",
          "strokeLinejoin": "miter",
          "strokeLinecap": "butt",
          "strokeMiterlimit": "10",
          "strokeWidth": 11.906976744186046
        },
        {
          "fill": "rgb(63, 169, 245)"
        }
      ],
      "properties": {
        "order": 48,
        "id": 9,
        "name": "Group4",
        "prevSize": 32
      },
      "setIdx": 0,
      "setId": 5,
      "iconIdx": 3
    },
    {
      "icon": {
        "paths": [
          "M837.775 132.739c-87.516-75.24-201.287-120.832-325.775-120.832-276.194 0-500.093 223.899-500.093 500.093 0 124.487 45.58 238.247 120.832 325.775",
          "M183.046 888.511c87.945 76.883 202.956 123.583 328.955 123.583 276.194 0 500.093-223.899 500.093-500.093 0-125.988-46.7-241.009-123.584-328.942",
          "M743.841 285.767h-451.763c-28.732 0-53.927 27.493-53.927 58.832v294.174c0 29.065 23.683 51.831 53.927 51.831h29.41v122.428l132.822-122.428h289.518c30.244 0 53.927-22.766 53.927-51.831v-294.174c0.012-31.339-25.183-58.832-53.915-58.832zM773.953 638.774c0 15.967-12.943 28.017-30.113 28.017h-298.829l-99.709 91.898v-91.898h-53.236c-17.17 0-30.113-12.050-30.113-28.017v-294.174c0-17.67 14.919-35.018 30.113-35.018h451.763c15.193 0 30.113 17.348 30.113 35.018v294.174h0.012z",
          "M510.812 361.698c-71.335 0-129.369 57.831-129.369 128.916s58.035 128.918 129.369 128.918c71.323 0 129.345-57.833 129.345-128.918s-58.011-128.916-129.345-128.916zM615.248 476.279h-49.438c-1.453-31.72-7.597-62.429-18.182-84.053 35.721 13.312 62.285 45.319 67.62 84.053zM510.812 593.955c-10.038 0-29.136-33.088-31.327-93.862h62.631c-2.179 60.797-21.29 93.862-31.303 93.862zM479.615 476.279c2.751-58.725 21.349-90.588 31.196-90.588 9.835 0 28.458 31.887 31.172 90.588h-62.369zM474.019 392.227c-10.597 21.611-16.741 52.32-18.206 84.053h-49.438c5.322-38.733 31.899-70.741 67.644-84.053zM405.733 500.093h49.938c1.203 33.875 7.763 66.856 19.373 89.289-37.757-13.622-65.572-47.996-69.311-89.289zM546.568 589.382c11.597-22.409 18.146-55.402 19.361-89.289h49.938c-3.727 41.293-31.53 75.68-69.299 89.289z"
        ],
        "attrs": [
          {
            "fill": "none",
            "stroke": "rgb(112, 207, 41)",
            "strokeLinejoin": "miter",
            "strokeLinecap": "butt",
            "strokeMiterlimit": "10",
            "strokeWidth": 11.906976744186046
          },
          {
            "fill": "none",
            "stroke": "rgb(63, 169, 245)",
            "strokeLinejoin": "miter",
            "strokeLinecap": "butt",
            "strokeMiterlimit": "10",
            "strokeWidth": 11.906976744186046
          },
          {
            "fill": "rgb(63, 169, 245)"
          },
          {
            "fill": "rgb(63, 169, 245)"
          }
        ],
        "isMulticolor": false,
        "isMulticolor2": true,
        "grid": 0,
        "tags": [
          "Group39"
        ],
        "colorPermutations": {
          "1122074112552552551631692451972171": [
            {
              "s": 1
            },
            {
              "s": 2
            },
            {
              "f": 2
            },
            {
              "f": 2
            }
          ]
        }
      },
      "attrs": [
        {
          "fill": "none",
          "stroke": "rgb(112, 207, 41)",
          "strokeLinejoin": "miter",
          "strokeLinecap": "butt",
          "strokeMiterlimit": "10",
          "strokeWidth": 11.906976744186046
        },
        {
          "fill": "none",
          "stroke": "rgb(63, 169, 245)",
          "strokeLinejoin": "miter",
          "strokeLinecap": "butt",
          "strokeMiterlimit": "10",
          "strokeWidth": 11.906976744186046
        },
        {
          "fill": "rgb(63, 169, 245)"
        },
        {
          "fill": "rgb(63, 169, 245)"
        }
      ],
      "properties": {
        "order": 49,
        "id": 8,
        "name": "Group5",
        "prevSize": 32
      },
      "setIdx": 0,
      "setId": 5,
      "iconIdx": 4
    },
    {
      "icon": {
        "paths": [
          "M837.775 132.739c-87.516-75.24-201.287-120.832-325.775-120.832-276.206 0-500.093 223.899-500.093 500.093 0 124.487 45.58 238.247 120.832 325.775",
          "M183.046 888.511c87.945 76.883 202.956 123.583 328.955 123.583 276.194 0 500.093-223.899 500.093-500.093 0-125.988-46.7-241.009-123.584-328.942",
          "M778.884 488.186l-59.535-59.535h-35.721l-59.535-59.535h-195.441v-130.977h-71.442v130.977h-71.442v59.535h-35.721v59.535h-63.548l66.548 226.233h505.069l93.148-226.233h-72.381zM381.024 261.953h23.814v107.163h-23.814v-107.163zM309.583 392.93h304.652l35.721 35.721h-340.373v-35.721zM273.862 452.465h435.629l35.721 35.721h-471.35v-35.721zM742.163 690.605h-471.303l-52.522-178.605h597.374l-73.549 178.605z",
          "M357.209 553.674c-26.267 0-47.628 21.361-47.628 47.628s21.361 47.628 47.628 47.628c26.267 0 47.628-21.361 47.628-47.628s-21.361-47.628-47.628-47.628zM357.209 625.116c-13.133 0-23.814-10.681-23.814-23.814s10.681-23.814 23.814-23.814c13.133 0 23.814 10.681 23.814 23.814s-10.681 23.814-23.814 23.814z",
          "M512 553.674c-26.267 0-47.628 21.361-47.628 47.628s21.361 47.628 47.628 47.628c26.267 0 47.628-21.361 47.628-47.628s-21.361-47.628-47.628-47.628zM512 625.116c-13.133 0-23.814-10.681-23.814-23.814s10.681-23.814 23.814-23.814c13.133 0 23.814 10.681 23.814 23.814s-10.681 23.814-23.814 23.814z",
          "M666.791 553.674c-26.267 0-47.628 21.361-47.628 47.628s21.361 47.628 47.628 47.628c26.267 0 47.628-21.361 47.628-47.628s-21.361-47.628-47.628-47.628zM666.791 625.116c-13.133 0-23.814-10.681-23.814-23.814s10.681-23.814 23.814-23.814c13.133 0 23.814 10.681 23.814 23.814s-10.681 23.814-23.814 23.814z"
        ],
        "attrs": [
          {
            "fill": "none",
            "stroke": "rgb(112, 207, 41)",
            "strokeLinejoin": "miter",
            "strokeLinecap": "butt",
            "strokeMiterlimit": "10",
            "strokeWidth": 11.906976744186046
          },
          {
            "fill": "none",
            "stroke": "rgb(63, 169, 245)",
            "strokeLinejoin": "miter",
            "strokeLinecap": "butt",
            "strokeMiterlimit": "10",
            "strokeWidth": 11.906976744186046
          },
          {
            "fill": "rgb(63, 169, 245)"
          },
          {
            "fill": "rgb(63, 169, 245)"
          },
          {
            "fill": "rgb(63, 169, 245)"
          },
          {
            "fill": "rgb(63, 169, 245)"
          }
        ],
        "isMulticolor": false,
        "isMulticolor2": true,
        "grid": 0,
        "tags": [
          "Group40"
        ],
        "colorPermutations": {
          "1122074112552552551631692451972171": [
            {
              "s": 1
            },
            {
              "s": 2
            },
            {
              "f": 2
            },
            {
              "f": 2
            },
            {
              "f": 2
            },
            {
              "f": 2
            }
          ]
        }
      },
      "attrs": [
        {
          "fill": "none",
          "stroke": "rgb(112, 207, 41)",
          "strokeLinejoin": "miter",
          "strokeLinecap": "butt",
          "strokeMiterlimit": "10",
          "strokeWidth": 11.906976744186046
        },
        {
          "fill": "none",
          "stroke": "rgb(63, 169, 245)",
          "strokeLinejoin": "miter",
          "strokeLinecap": "butt",
          "strokeMiterlimit": "10",
          "strokeWidth": 11.906976744186046
        },
        {
          "fill": "rgb(63, 169, 245)"
        },
        {
          "fill": "rgb(63, 169, 245)"
        },
        {
          "fill": "rgb(63, 169, 245)"
        },
        {
          "fill": "rgb(63, 169, 245)"
        }
      ],
      "properties": {
        "order": 50,
        "id": 7,
        "name": "Group6",
        "prevSize": 32
      },
      "setIdx": 0,
      "setId": 5,
      "iconIdx": 5
    },
    {
      "icon": {
        "paths": [
          "M837.775 132.739c-87.516-75.252-201.287-120.832-325.775-120.832-276.194 0-500.093 223.911-500.093 500.093 0 124.487 45.58 238.259 120.832 325.775",
          "M183.046 888.512c87.945 76.883 202.954 123.583 328.954 123.583 276.194 0 500.093-223.911 500.093-500.093 0-125.988-46.699-241.010-123.583-328.955",
          "M628.557 515.132c12.645 9.692 26.981 20.682 50.14 20.682 20.528 0 34.828-10.514 47.449-19.789 11.633-8.549 21.683-15.932 35.9-15.932 13.895 0 23.457 7.18 34.53 15.479 12.657 9.49 26.993 20.242 48.819 20.242v-23.814c-13.895 0-23.457-7.18-34.53-15.479-12.657-9.49-26.993-20.242-48.819-20.242-22.028 0-36.888 10.919-49.997 20.563-11.073 8.132-20.635 15.158-33.351 15.158-15.086 0-24.612-7.299-35.661-15.765-9.788-7.501-20.706-15.705-35.78-18.706v-73.895c27.136-5.525 47.628-29.577 47.628-58.32 0-32.828-26.707-59.535-59.535-59.535s-59.535 26.707-59.535 59.535c0 28.743 20.492 52.807 47.628 58.32v73.895c-15.384 3.012-26.731 11.359-36.912 19.004-11.073 8.299-20.635 15.479-34.53 15.479s-23.457-7.18-34.53-15.479c-12.657-9.49-26.993-20.242-48.819-20.242s-36.185 10.752-48.831 20.242c-11.073 8.299-20.659 15.479-34.542 15.479-13.979 0-23.707-7.228-34.935-15.61-12.657-9.43-27.041-20.111-48.521-20.111-22.278 0-36.757 10.883-49.414 20.492-10.776 8.156-21.897 15.217-33.804 15.217v23.814c23.814 0 35.792-10.669 48.199-20.087 11.062-8.394 20.885-15.634 35.149-15.634 13.574 0 23.135 7.144 34.221 15.396 12.764 9.526 27.255 20.325 49.128 20.325 21.825 0 36.173-10.752 48.819-20.242 11.073-8.299 20.635-15.479 34.53-15.479s23.457 7.18 34.53 15.479c12.657 9.49 26.993 20.242 48.819 20.242s36.173-10.752 48.819-20.242c7.597-5.703 14.562-10.669 22.623-13.36v58.666c-15.384 3.012-26.731 11.359-36.912 19.004-11.073 8.299-20.635 15.479-34.53 15.479s-23.457-7.18-34.53-15.479c-12.657-9.49-26.993-20.242-48.819-20.242s-36.185 10.752-48.831 20.242c-11.073 8.299-20.659 15.479-34.542 15.479-13.979 0-23.707-7.228-34.935-15.61-12.657-9.43-27.041-20.111-48.521-20.111-22.278 0-36.757 10.883-49.414 20.492-10.776 8.156-21.897 15.217-33.804 15.217v23.814c23.814 0 35.792-10.669 48.199-20.087 11.062-8.394 20.885-15.634 35.149-15.634 13.574 0 23.135 7.144 34.221 15.396 12.764 9.526 27.255 20.325 49.128 20.325 21.825 0 36.173-10.752 48.819-20.242 11.073-8.299 20.635-15.479 34.53-15.479s23.457 7.18 34.53 15.479c12.657 9.49 26.993 20.242 48.819 20.242s36.173-10.752 48.819-20.242c7.597-5.703 14.562-10.669 22.623-13.36v152.671c0 45.949-37.388 83.349-83.349 83.349s-83.349-37.4-83.349-83.349v-30.791l51.117 51.117 16.836-16.836-91.767-91.767v88.278c0 59.094 48.080 107.163 107.163 107.163s107.163-48.068 107.163-107.163v-152.636c7.489 2.572 13.919 7.228 21.302 12.883 12.645 9.692 26.981 20.682 50.14 20.682 20.528 0 34.828-10.514 47.449-19.789 11.633-8.549 21.683-15.932 35.9-15.932 13.895 0 23.457 7.18 34.53 15.479 12.657 9.49 26.993 20.242 48.819 20.242v-23.814c-13.895 0-23.457-7.18-34.53-15.479-12.657-9.49-26.993-20.242-48.819-20.242-22.028 0-36.888 10.919-49.997 20.563-11.073 8.132-20.635 15.158-33.351 15.158-15.086 0-24.612-7.299-35.661-15.765-9.788-7.501-20.706-15.705-35.78-18.706v-58.63c7.489 2.56 13.919 7.228 21.302 12.883zM559.628 345.302c0-19.694 16.027-35.721 35.721-35.721s35.721 16.027 35.721 35.721c0 19.694-16.027 35.721-35.721 35.721s-35.721-16.027-35.721-35.721z",
          "M607.256 190.512h-23.814v95.256h23.814v-95.256z"
        ],
        "attrs": [
          {
            "fill": "none",
            "stroke": "rgb(112, 207, 41)",
            "strokeLinejoin": "miter",
            "strokeLinecap": "butt",
            "strokeMiterlimit": "10",
            "strokeWidth": 11.906976744186046
          },
          {
            "fill": "none",
            "stroke": "rgb(63, 169, 245)",
            "strokeLinejoin": "miter",
            "strokeLinecap": "butt",
            "strokeMiterlimit": "10",
            "strokeWidth": 11.906976744186046
          },
          {
            "fill": "rgb(63, 169, 245)"
          },
          {
            "fill": "rgb(63, 169, 245)"
          }
        ],
        "isMulticolor": false,
        "isMulticolor2": true,
        "grid": 0,
        "tags": [
          "Group41"
        ],
        "colorPermutations": {
          "1122074112552552551631692451972171": [
            {
              "s": 1
            },
            {
              "s": 2
            },
            {
              "f": 2
            },
            {
              "f": 2
            }
          ]
        }
      },
      "attrs": [
        {
          "fill": "none",
          "stroke": "rgb(112, 207, 41)",
          "strokeLinejoin": "miter",
          "strokeLinecap": "butt",
          "strokeMiterlimit": "10",
          "strokeWidth": 11.906976744186046
        },
        {
          "fill": "none",
          "stroke": "rgb(63, 169, 245)",
          "strokeLinejoin": "miter",
          "strokeLinecap": "butt",
          "strokeMiterlimit": "10",
          "strokeWidth": 11.906976744186046
        },
        {
          "fill": "rgb(63, 169, 245)"
        },
        {
          "fill": "rgb(63, 169, 245)"
        }
      ],
      "properties": {
        "order": 51,
        "id": 6,
        "name": "Group7",
        "prevSize": 32
      },
      "setIdx": 0,
      "setId": 5,
      "iconIdx": 6
    },
    {
      "icon": {
        "paths": [
          "M837.775 132.739c-87.516-75.252-201.287-120.832-325.775-120.832-276.194 0-500.093 223.911-500.093 500.093 0 124.487 45.58 238.259 120.832 325.775",
          "M183.046 888.512c87.945 76.883 202.956 123.583 328.955 123.583 276.194 0 500.093-223.911 500.093-500.093 0-125.988-46.699-241.010-123.583-328.955",
          "M762.047 321.488c0-45.949-37.388-83.349-83.349-83.349h-345.302c-45.961 0-83.349 37.4-83.349 83.349v404.837h71.442v47.628h23.814v-47.628h321.488v47.628h23.814v-47.628h71.442v-404.837zM576.417 523.907c-5.703-33.732-35.030-59.535-70.37-59.535s-64.667 25.802-70.37 59.535h-161.816v-190.512h464.372v190.512h-161.816zM551.984 523.907h-91.874c5.322-20.492 23.814-35.721 45.937-35.721s40.615 15.229 45.937 35.721zM333.395 261.953h345.302c28.755 0 52.796 20.492 58.332 47.628h-461.967c5.537-27.136 29.577-47.628 58.332-47.628zM273.86 702.512v-154.791h464.372v154.791h-464.372z",
          "M363.163 571.535c-29.541 0-53.581 24.040-53.581 53.581s24.040 53.581 53.581 53.581c29.541 0 53.581-24.040 53.581-53.581s-24.040-53.581-53.581-53.581zM363.163 654.884c-16.408 0-29.767-13.348-29.767-29.767s13.36-29.767 29.767-29.767c16.408 0 29.767 13.348 29.767 29.767s-13.36 29.767-29.767 29.767z",
          "M648.93 571.535c-29.541 0-53.581 24.040-53.581 53.581s24.040 53.581 53.581 53.581c29.541 0 53.581-24.040 53.581-53.581s-24.040-53.581-53.581-53.581zM648.93 654.884c-16.408 0-29.767-13.348-29.767-29.767s13.36-29.767 29.767-29.767c16.408 0 29.767 13.348 29.767 29.767s-13.36 29.767-29.767 29.767z"
        ],
        "attrs": [
          {
            "fill": "none",
            "stroke": "rgb(112, 207, 41)",
            "strokeLinejoin": "miter",
            "strokeLinecap": "butt",
            "strokeMiterlimit": "10",
            "strokeWidth": 11.906976744186046
          },
          {
            "fill": "none",
            "stroke": "rgb(63, 169, 245)",
            "strokeLinejoin": "miter",
            "strokeLinecap": "butt",
            "strokeMiterlimit": "10",
            "strokeWidth": 11.906976744186046
          },
          {
            "fill": "rgb(63, 169, 245)"
          },
          {
            "fill": "rgb(63, 169, 245)"
          },
          {
            "fill": "rgb(63, 169, 245)"
          }
        ],
        "isMulticolor": false,
        "isMulticolor2": true,
        "grid": 0,
        "tags": [
          "Group42"
        ],
        "colorPermutations": {
          "1122074112552552551631692451972171": [
            {
              "s": 1
            },
            {
              "s": 2
            },
            {
              "f": 2
            },
            {
              "f": 2
            },
            {
              "f": 2
            }
          ]
        }
      },
      "attrs": [
        {
          "fill": "none",
          "stroke": "rgb(112, 207, 41)",
          "strokeLinejoin": "miter",
          "strokeLinecap": "butt",
          "strokeMiterlimit": "10",
          "strokeWidth": 11.906976744186046
        },
        {
          "fill": "none",
          "stroke": "rgb(63, 169, 245)",
          "strokeLinejoin": "miter",
          "strokeLinecap": "butt",
          "strokeMiterlimit": "10",
          "strokeWidth": 11.906976744186046
        },
        {
          "fill": "rgb(63, 169, 245)"
        },
        {
          "fill": "rgb(63, 169, 245)"
        },
        {
          "fill": "rgb(63, 169, 245)"
        }
      ],
      "properties": {
        "order": 52,
        "id": 5,
        "name": "Group8",
        "prevSize": 32
      },
      "setIdx": 0,
      "setId": 5,
      "iconIdx": 7
    },
    {
      "icon": {
        "paths": [
          "M837.775 132.739c-87.516-75.252-201.287-120.832-325.775-120.832-276.194 0-500.093 223.911-500.093 500.093 0 124.487 45.58 238.259 120.832 325.775",
          "M183.046 888.512c87.945 76.883 202.956 123.583 328.955 123.583 276.194 0 500.093-223.911 500.093-500.093 0-125.988-46.7-241.010-123.584-328.955",
          "M714.419 369.116h-107.163v-23.814c0-32.828-26.707-59.535-59.535-59.535h-71.442c-32.828 0-59.535 26.707-59.535 59.535v23.814h-107.163c-32.828 0-59.535 26.707-59.535 59.535v226.233c0 32.828 26.707 59.535 59.535 59.535h404.837c32.828 0 59.535-26.707 59.535-59.535v-226.233c0-32.828-26.707-59.535-59.535-59.535zM440.558 345.302c0-19.694 16.027-35.721 35.721-35.721h71.442c19.694 0 35.721 16.027 35.721 35.721v23.814h-142.884v-23.814zM750.14 654.884c0 19.694-16.027 35.721-35.721 35.721h-404.837c-19.694 0-35.721-16.027-35.721-35.721v-226.233c0-19.694 16.027-35.721 35.721-35.721h404.837c19.694 0 35.721 16.027 35.721 35.721v226.233z",
          "M416.744 559.628h-23.814v95.256h23.814v-95.256z",
          "M488.186 523.907h-23.814v130.977h23.814v-130.977z",
          "M559.628 488.186h-23.814v166.698h23.814v-166.698z",
          "M631.070 452.465h-23.814v202.419h23.814v-202.419z"
        ],
        "attrs": [
          {
            "fill": "none",
            "stroke": "rgb(112, 207, 41)",
            "strokeLinejoin": "miter",
            "strokeLinecap": "butt",
            "strokeMiterlimit": "10",
            "strokeWidth": 11.906976744186046
          },
          {
            "fill": "none",
            "stroke": "rgb(63, 169, 245)",
            "strokeLinejoin": "miter",
            "strokeLinecap": "butt",
            "strokeMiterlimit": "10",
            "strokeWidth": 11.906976744186046
          },
          {
            "fill": "rgb(63, 169, 245)"
          },
          {
            "fill": "rgb(63, 169, 245)"
          },
          {
            "fill": "rgb(63, 169, 245)"
          },
          {
            "fill": "rgb(63, 169, 245)"
          },
          {
            "fill": "rgb(63, 169, 245)"
          }
        ],
        "isMulticolor": false,
        "isMulticolor2": true,
        "grid": 0,
        "tags": [
          "Group43"
        ],
        "colorPermutations": {
          "1122074112552552551631692451972171": [
            {
              "s": 1
            },
            {
              "s": 2
            },
            {
              "f": 2
            },
            {
              "f": 2
            },
            {
              "f": 2
            },
            {
              "f": 2
            },
            {
              "f": 2
            }
          ]
        }
      },
      "attrs": [
        {
          "fill": "none",
          "stroke": "rgb(112, 207, 41)",
          "strokeLinejoin": "miter",
          "strokeLinecap": "butt",
          "strokeMiterlimit": "10",
          "strokeWidth": 11.906976744186046
        },
        {
          "fill": "none",
          "stroke": "rgb(63, 169, 245)",
          "strokeLinejoin": "miter",
          "strokeLinecap": "butt",
          "strokeMiterlimit": "10",
          "strokeWidth": 11.906976744186046
        },
        {
          "fill": "rgb(63, 169, 245)"
        },
        {
          "fill": "rgb(63, 169, 245)"
        },
        {
          "fill": "rgb(63, 169, 245)"
        },
        {
          "fill": "rgb(63, 169, 245)"
        },
        {
          "fill": "rgb(63, 169, 245)"
        }
      ],
      "properties": {
        "order": 53,
        "id": 4,
        "name": "Group9",
        "prevSize": 32
      },
      "setIdx": 0,
      "setId": 5,
      "iconIdx": 8
    },
    {
      "icon": {
        "paths": [
          "M837.775 132.739c-87.516-75.252-201.287-120.832-325.775-120.832-276.206 0-500.093 223.911-500.093 500.093 0 124.487 45.58 238.259 120.832 325.775",
          "M183.046 888.512c87.945 76.883 202.956 123.583 328.955 123.583 276.194 0 500.093-223.911 500.093-500.093 0-125.988-46.7-241.010-123.584-328.955",
          "M474.816 465.264c60.833 0 110.33-49.485 110.33-110.318s-49.485-110.306-110.33-110.306c-60.845 0-110.33 49.473-110.33 110.306s49.497 110.318 110.33 110.318zM474.816 268.465c47.699 0 86.516 38.805 86.516 86.492 0 47.699-38.817 86.504-86.516 86.504s-86.516-38.805-86.516-86.504c0-47.687 38.817-86.492 86.516-86.492z",
          "M512 690.602h-202.038c5.739-88.469 75.109-156.137 162.614-156.137 32.351 0 58.297 6.419 81.634 20.184l12.097-20.516c-27.16-16.027-56.939-23.494-93.732-23.494-104.758 0-186.809 84.278-186.809 191.857v11.907h226.233v-23.801z",
          "M806.446 786.075l-68.834-84.159c7.93-13.884 12.526-29.922 12.526-47.021 0-52.522-42.734-95.256-95.256-95.256s-95.256 42.734-95.256 95.256c0 17.11 4.596 33.137 12.526 47.021l-68.834 84.159c-2.929 3.584-3.513 8.549-1.5 12.705s5.894 6.763 10.895 6.727l46.663-0.679 16.586 43.282c1.667 4.358 5.727 7.335 10.383 7.632 0.25 0.012 0.488 0.024 0.738 0.024 4.382 0 8.442-2.417 10.514-6.311l52.927-99.53c1.453 0.071 2.893 0.226 4.37 0.226s2.917-0.155 4.37-0.226l52.927 99.53c2.072 3.894 6.132 6.311 10.514 6.311 0.25 0 0.488-0.012 0.738-0.024 4.656-0.286 8.716-3.263 10.383-7.632l16.586-43.282 46.663 0.679c5.049 0.095 8.883-2.572 10.895-6.727s1.417-9.133-1.524-12.705zM588.835 815.187l-10.204-26.624c-1.786-4.679-5.763-7.894-11.288-7.656l-29.386 0.417 48.95-59.833c10.704 10.931 24.028 19.301 38.948 24.088l-37.019 69.608zM583.441 654.884c0-39.4 32.042-71.442 71.442-71.442s71.442 32.042 71.442 71.442c0 39.4-32.042 71.442-71.442 71.442s-71.442-32.042-71.442-71.442zM742.435 780.907c-4.87-0.179-9.502 2.977-11.288 7.656l-10.204 26.624-37.007-69.608c14.919-4.787 28.231-13.157 38.948-24.088l48.95 59.833-29.398-0.417z"
        ],
        "attrs": [
          {
            "fill": "none",
            "stroke": "rgb(112, 207, 41)",
            "strokeLinejoin": "miter",
            "strokeLinecap": "butt",
            "strokeMiterlimit": "10",
            "strokeWidth": 11.906976744186046
          },
          {
            "fill": "none",
            "stroke": "rgb(63, 169, 245)",
            "strokeLinejoin": "miter",
            "strokeLinecap": "butt",
            "strokeMiterlimit": "10",
            "strokeWidth": 11.906976744186046
          },
          {
            "fill": "rgb(63, 169, 245)"
          },
          {
            "fill": "rgb(63, 169, 245)"
          },
          {
            "fill": "rgb(63, 169, 245)"
          }
        ],
        "isMulticolor": false,
        "isMulticolor2": true,
        "grid": 0,
        "tags": [
          "Group44"
        ],
        "colorPermutations": {
          "1122074112552552551631692451972171": [
            {
              "s": 1
            },
            {
              "s": 2
            },
            {
              "f": 2
            },
            {
              "f": 2
            },
            {
              "f": 2
            }
          ]
        }
      },
      "attrs": [
        {
          "fill": "none",
          "stroke": "rgb(112, 207, 41)",
          "strokeLinejoin": "miter",
          "strokeLinecap": "butt",
          "strokeMiterlimit": "10",
          "strokeWidth": 11.906976744186046
        },
        {
          "fill": "none",
          "stroke": "rgb(63, 169, 245)",
          "strokeLinejoin": "miter",
          "strokeLinecap": "butt",
          "strokeMiterlimit": "10",
          "strokeWidth": 11.906976744186046
        },
        {
          "fill": "rgb(63, 169, 245)"
        },
        {
          "fill": "rgb(63, 169, 245)"
        },
        {
          "fill": "rgb(63, 169, 245)"
        }
      ],
      "properties": {
        "order": 54,
        "id": 3,
        "name": "Group10",
        "prevSize": 32
      },
      "setIdx": 0,
      "setId": 5,
      "iconIdx": 9
    },
    {
      "icon": {
        "paths": [
          "M512 0c-282.752 0-512 229.248-512 512s229.248 512 512 512c282.752 0 512-229.248 512-512s-229.248-512-512-512zM649.685 775.851c-67.84-4.181-201.259-82.091-263.424-152.064-61.995-70.016-123.563-211.755-119.509-279.723 0 0 73.898-97.749 107.818-95.787 34.176 2.048 129.835 109.909 93.654 141.995-35.84 31.872-69.845 29.909-71.85 63.744-1.92 33.92 29.908 70.016 61.653 105.941 32.085 36.096 63.915 71.893 97.92 73.813 33.92 2.133 36.011-31.701 71.851-63.787 36.011-31.915 131.84 76.117 129.749 110.037-1.877 33.792-107.861 95.829-107.861 95.829z"
        ],
        "attrs": [
          {
            "fill": "rgb(255, 255, 255)",
            "opacity": 0.8
          }
        ],
        "isMulticolor": false,
        "isMulticolor2": false,
        "grid": 0,
        "tags": [
          "Vector"
        ],
        "colorPermutations": {
          "1122074112552552551631692451972171": [
            {
              "f": 3
            }
          ]
        }
      },
      "attrs": [
        {
          "fill": "rgb(255, 255, 255)",
          "opacity": 0.8
        }
      ],
      "properties": {
        "order": 55,
        "id": 2,
        "name": "Vectordown",
        "prevSize": 32
      },
      "setIdx": 0,
      "setId": 5,
      "iconIdx": 10
    },
    {
      "icon": {
        "paths": [
          "M768 950.857l-438.857-438.743 438.857-438.971"
        ],
        "attrs": [
          {
            "fill": "none",
            "stroke": "rgb(0, 97, 217)",
            "strokeLinejoin": "miter",
            "strokeLinecap": "butt",
            "strokeMiterlimit": "10",
            "strokeWidth": 146.28571428571428
          }
        ],
        "isMulticolor": false,
        "isMulticolor2": false,
        "grid": 0,
        "tags": [
          "Vectorleft"
        ],
        "colorPermutations": {
          "1122074112552552551631692451972171": [
            {
              "s": 0
            }
          ]
        }
      },
      "attrs": [
        {
          "fill": "none",
          "stroke": "rgb(0, 97, 217)",
          "strokeLinejoin": "miter",
          "strokeLinecap": "butt",
          "strokeMiterlimit": "10",
          "strokeWidth": 146.28571428571428
        }
      ],
      "properties": {
        "order": 56,
        "id": 1,
        "name": "Vectorleft",
        "prevSize": 32
      },
      "setIdx": 0,
      "setId": 5,
      "iconIdx": 11
    },
    {
      "icon": {
        "paths": [
          "M272.143 73.143l438.857 438.743-438.857 438.971"
        ],
        "attrs": [
          {
            "fill": "none",
            "stroke": "rgb(0, 97, 217)",
            "strokeLinejoin": "miter",
            "strokeLinecap": "butt",
            "strokeMiterlimit": "10",
            "strokeWidth": 146.28571428571428
          }
        ],
        "isMulticolor": false,
        "isMulticolor2": false,
        "grid": 0,
        "tags": [
          "Vectorright"
        ],
        "colorPermutations": {
          "1122074112552552551631692451972171": [
            {
              "s": 0
            }
          ]
        }
      },
      "attrs": [
        {
          "fill": "none",
          "stroke": "rgb(0, 97, 217)",
          "strokeLinejoin": "miter",
          "strokeLinecap": "butt",
          "strokeMiterlimit": "10",
          "strokeWidth": 146.28571428571428
        }
      ],
      "properties": {
        "order": 57,
        "id": 0,
        "name": "Vectorright",
        "prevSize": 32
      },
      "setIdx": 0,
      "setId": 5,
      "iconIdx": 12
    }
  ],
  "height": 1024,
  "preferences": {
    "showGlyphs": true,
    "showQuickUse": true,
    "showQuickUse2": true,
    "showSVGs": true,
    "fontPref": {
      "prefix": "icon-",
      "metadata": {
        "fontFamily": "icomoon"
      },
      "metrics": {
        "emSize": 1024,
        "baseline": 6.25,
        "whitespace": 50
      },
      "embed": false
    },
    "imagePref": {
      "prefix": "icon-",
      "png": true,
      "useClassSelector": true,
      "color": 0,
      "bgColor": 16777215,
      "classSelector": ".icon",
      "name": "icomoon",
      "height": 32,
      "columns": 16,
      "margin": 16
    },
    "historySize": 50,
    "showCodes": true,
    "gridSize": 16
  }
}